step,condition,metric,value
1,Privileged,Social-optimal rate,0.616
2,Privileged,Social-optimal rate,0.5006229508196721
3,Privileged,Social-optimal rate,0.5441311475409836
4,Privileged,Social-optimal rate,0.4784108606557377
5,Privileged,Social-optimal rate,0.4517552371971565
6,Privileged,Social-optimal rate,0.4664331991392234
7,Privileged,Social-optimal rate,0.4495447829356608
8,Privileged,Social-optimal rate,0.4346091231755736
9,Privileged,Social-optimal rate,0.44624066103661963
10,Privileged,Social-optimal rate,0.4115666911912638
11,Privileged,Social-optimal rate,0.44080461875665616
12,Privileged,Social-optimal rate,0.470007019640473
13,Privileged,Social-optimal rate,0.45841039216787244
14,Privileged,Social-optimal rate,0.4785743087983544
15,Privileged,Social-optimal rate,0.45993173726592457
16,Privileged,Social-optimal rate,0.47536687683899526
17,Privileged,Social-optimal rate,0.452746697340296
18,Privileged,Social-optimal rate,0.441211971745347
19,Privileged,Social-optimal rate,0.41600979728944115
20,Privileged,Social-optimal rate,0.4086521173753703
21,Privileged,Social-optimal rate,0.40554700268292976
22,Privileged,Social-optimal rate,0.4096732433431282
23,Privileged,Social-optimal rate,0.3700424795744334
24,Privileged,Social-optimal rate,0.409211766531331
25,Privileged,Social-optimal rate,0.42801066540122384
26,Privileged,Social-optimal rate,0.41813433277862255
27,Privileged,Social-optimal rate,0.425517285959895
28,Privileged,Social-optimal rate,0.43214482771821067
29,Privileged,Social-optimal rate,0.4436776808842219
30,Privileged,Social-optimal rate,0.4523793463023052
31,Privileged,Social-optimal rate,0.45634760027055915
32,Privileged,Social-optimal rate,0.4523061531832497
33,Privileged,Social-optimal rate,0.47029280204840324
34,Privileged,Social-optimal rate,0.4527465835610083
35,Privileged,Social-optimal rate,0.44023971165336667
36,Privileged,Social-optimal rate,0.42221696049981927
37,Privileged,Social-optimal rate,0.4448537764202173
38,Privileged,Social-optimal rate,0.42598930755574843
39,Privileged,Social-optimal rate,0.40347539565735835
40,Privileged,Social-optimal rate,0.4081695978560346
41,Privileged,Social-optimal rate,0.425182429335932
42,Privileged,Social-optimal rate,0.4251046204345936
43,Privileged,Social-optimal rate,0.453185881876748
44,Privileged,Social-optimal rate,0.4649336579102384
45,Privileged,Social-optimal rate,0.4802697923640199
46,Privileged,Social-optimal rate,0.49342348195713015
47,Privileged,Social-optimal rate,0.49954519911159895
48,Privileged,Social-optimal rate,0.4915100720082499
49,Privileged,Social-optimal rate,0.5005222238775446
50,Privileged,Social-optimal rate,0.49770243868411096
51,Privileged,Social-optimal rate,0.48624750706111214
52,Privileged,Social-optimal rate,0.46644708689304487
53,Privileged,Social-optimal rate,0.4830712317164844
54,Privileged,Social-optimal rate,0.4688996795409666
55,Privileged,Social-optimal rate,0.467636260878704
56,Privileged,Social-optimal rate,0.4759580741045684
57,Privileged,Social-optimal rate,0.4605432483804643
58,Privileged,Social-optimal rate,0.433837408865389
59,Privileged,Social-optimal rate,0.45887904469070356
60,Privileged,Social-optimal rate,0.4546515726666214
61,Privileged,Social-optimal rate,0.4562385242232515
62,Privileged,Social-optimal rate,0.47409566708039436
63,Privileged,Social-optimal rate,0.4706069467949471
64,Privileged,Social-optimal rate,0.4808175695055698
65,Privileged,Social-optimal rate,0.5090104998852346
66,Privileged,Social-optimal rate,0.5069621455309242
67,Privileged,Social-optimal rate,0.48225172082049955
68,Privileged,Social-optimal rate,0.4940337532210886
69,Privileged,Social-optimal rate,0.49013157165880855
70,Privileged,Social-optimal rate,0.4999878709588041
71,Privileged,Social-optimal rate,0.4979004975479013
72,Privileged,Social-optimal rate,0.4956292546386556
73,Privileged,Social-optimal rate,0.5052108579602781
74,Privileged,Social-optimal rate,0.5480622381250911
75,Privileged,Social-optimal rate,0.546751622135576
76,Privileged,Social-optimal rate,0.5488494705902055
77,Privileged,Social-optimal rate,0.5290211762101015
78,Privileged,Social-optimal rate,0.5534506201188124
79,Privileged,Social-optimal rate,0.5652387869221768
80,Privileged,Social-optimal rate,0.5716159223315703
81,Privileged,Social-optimal rate,0.5568096663012668
82,Privileged,Social-optimal rate,0.5713070954775951
83,Privileged,Social-optimal rate,0.5681114285852458
84,Privileged,Social-optimal rate,0.5734553122765975
85,Privileged,Social-optimal rate,0.5758339070195888
86,Privileged,Social-optimal rate,0.574666184250712
87,Privileged,Social-optimal rate,0.56449958317502
88,Privileged,Social-optimal rate,0.5555172192797413
89,Privileged,Social-optimal rate,0.5480979304939929
90,Privileged,Social-optimal rate,0.5711521176861111
91,Privileged,Social-optimal rate,0.5892343200751301
92,Privileged,Social-optimal rate,0.5746182085539923
93,Privileged,Social-optimal rate,0.5624942201588174
94,Privileged,Social-optimal rate,0.5554891040627923
95,Privileged,Social-optimal rate,0.5728671078959044
1,Privileged,Social-welfare efficiency,0.9659177471984645
2,Privileged,Social-welfare efficiency,0.9523420576634165
3,Privileged,Social-welfare efficiency,0.9297732099184944
4,Privileged,Social-welfare efficiency,0.8907430294449592
5,Privileged,Social-welfare efficiency,0.8822832408763415
6,Privileged,Social-welfare efficiency,0.8839178204890114
7,Privileged,Social-welfare efficiency,0.8826421011959502
8,Privileged,Social-welfare efficiency,0.8641603766686627
9,Privileged,Social-welfare efficiency,0.8496750558076858
10,Privileged,Social-welfare efficiency,0.8398883788675872
11,Privileged,Social-welfare efficiency,0.8391217940233154
12,Privileged,Social-welfare efficiency,0.8421901783250101
13,Privileged,Social-welfare efficiency,0.8262590223981093
14,Privileged,Social-welfare efficiency,0.8289010316437191
15,Privileged,Social-welfare efficiency,0.8133225433824364
16,Privileged,Social-welfare efficiency,0.8124969804023009
17,Privileged,Social-welfare efficiency,0.7919521480508359
18,Privileged,Social-welfare efficiency,0.7948052857586774
19,Privileged,Social-welfare efficiency,0.7805672349754689
20,Privileged,Social-welfare efficiency,0.7803153030022225
21,Privileged,Social-welfare efficiency,0.7845079950874041
22,Privileged,Social-welfare efficiency,0.8025750479451028
23,Privileged,Social-welfare efficiency,0.8025853302112911
24,Privileged,Social-welfare efficiency,0.8094110811440887
25,Privileged,Social-welfare efficiency,0.8161699036409644
26,Privileged,Social-welfare efficiency,0.822948295491723
27,Privileged,Social-welfare efficiency,0.8308936411918761
28,Privileged,Social-welfare efficiency,0.8054232696231479
29,Privileged,Social-welfare efficiency,0.7966176454182837
30,Privileged,Social-welfare efficiency,0.7897846040892497
31,Privileged,Social-welfare efficiency,0.8076380590594682
32,Privileged,Social-welfare efficiency,0.812406161706411
33,Privileged,Social-welfare efficiency,0.8175046344722922
34,Privileged,Social-welfare efficiency,0.8097267885253548
35,Privileged,Social-welfare efficiency,0.8324458322184157
36,Privileged,Social-welfare efficiency,0.8441805130006864
37,Privileged,Social-welfare efficiency,0.8557980468233822
38,Privileged,Social-welfare efficiency,0.8483980188339791
39,Privileged,Social-welfare efficiency,0.8466520373523029
40,Privileged,Social-welfare efficiency,0.853985114501467
41,Privileged,Social-welfare efficiency,0.8729653100224591
42,Privileged,Social-welfare efficiency,0.8734496581973482
43,Privileged,Social-welfare efficiency,0.8833877697961883
44,Privileged,Social-welfare efficiency,0.8954387057105936
45,Privileged,Social-welfare efficiency,0.9119229448284532
46,Privileged,Social-welfare efficiency,0.9094488409220045
47,Privileged,Social-welfare efficiency,0.9040109148043819
48,Privileged,Social-welfare efficiency,0.9027819392178141
49,Privileged,Social-welfare efficiency,0.9018933344774828
50,Privileged,Social-welfare efficiency,0.8987635095271821
51,Privileged,Social-welfare efficiency,0.8936352113599266
52,Privileged,Social-welfare efficiency,0.8922087660343074
53,Privileged,Social-welfare efficiency,0.9043594969837346
54,Privileged,Social-welfare efficiency,0.9082164143871153
55,Privileged,Social-welfare efficiency,0.9073695080910257
56,Privileged,Social-welfare efficiency,0.9112964395919952
57,Privileged,Social-welfare efficiency,0.9085103216636259
58,Privileged,Social-welfare efficiency,0.907745273737767
59,Privileged,Social-welfare efficiency,0.9129014487239238
60,Privileged,Social-welfare efficiency,0.9155320896304369
61,Privileged,Social-welfare efficiency,0.9155979204832552
62,Privileged,Social-welfare efficiency,0.9142711492341199
63,Privileged,Social-welfare efficiency,0.9144033785723436
64,Privileged,Social-welfare efficiency,0.9173319549330096
65,Privileged,Social-welfare efficiency,0.9209977159034678
66,Privileged,Social-welfare efficiency,0.9205830465548497
67,Privileged,Social-welfare efficiency,0.9117275379772438
68,Privileged,Social-welfare efficiency,0.913875450827191
69,Privileged,Social-welfare efficiency,0.9199482816727216
70,Privileged,Social-welfare efficiency,0.9178639857832832
71,Privileged,Social-welfare efficiency,0.9173248162263689
72,Privileged,Social-welfare efficiency,0.9130350639547776
73,Privileged,Social-welfare efficiency,0.9143432534637445
74,Privileged,Social-welfare efficiency,0.9245913334937431
75,Privileged,Social-welfare efficiency,0.924795761303027
76,Privileged,Social-welfare efficiency,0.9249391478864409
77,Privileged,Social-welfare efficiency,0.9293336614663213
78,Privileged,Social-welfare efficiency,0.9359073882993315
79,Privileged,Social-welfare efficiency,0.9355687060393364
80,Privileged,Social-welfare efficiency,0.9361506503563467
81,Privileged,Social-welfare efficiency,0.9322124722157106
82,Privileged,Social-welfare efficiency,0.939641959632673
83,Privileged,Social-welfare efficiency,0.9280407462466995
84,Privileged,Social-welfare efficiency,0.9111401953579855
85,Privileged,Social-welfare efficiency,0.9069888471110008
86,Privileged,Social-welfare efficiency,0.902562596913685
87,Privileged,Social-welfare efficiency,0.8923621316565822
88,Privileged,Social-welfare efficiency,0.8873473413270128
89,Privileged,Social-welfare efficiency,0.8736031504731893
90,Privileged,Social-welfare efficiency,0.8816358459985868
91,Privileged,Social-welfare efficiency,0.8849127201350108
92,Privileged,Social-welfare efficiency,0.8636669630662034
93,Privileged,Social-welfare efficiency,0.8660555911830975
94,Privileged,Social-welfare efficiency,0.865092196352944
95,Privileged,Social-welfare efficiency,0.8717383079901546
1,Vanilla,Social-optimal rate,0.47058823529411764
2,Vanilla,Social-optimal rate,0.48388168826852773
3,Vanilla,Social-optimal rate,0.47258779217901853
4,Vanilla,Social-optimal rate,0.47034993504335476
5,Vanilla,Social-optimal rate,0.44473632387361006
6,Vanilla,Social-optimal rate,0.4768775853309166
7,Vanilla,Social-optimal rate,0.4694348961496352
8,Vanilla,Social-optimal rate,0.4673952453378542
9,Vanilla,Social-optimal rate,0.44916525621619224
10,Vanilla,Social-optimal rate,0.4403780003066342
11,Vanilla,Social-optimal rate,0.44505893088684534
12,Vanilla,Social-optimal rate,0.4474874391627193
13,Vanilla,Social-optimal rate,0.42729554043219214
14,Vanilla,Social-optimal rate,0.4390199052902702
15,Vanilla,Social-optimal rate,0.44628164493758543
16,Vanilla,Social-optimal rate,0.43953924546063217
17,Vanilla,Social-optimal rate,0.47879297367339724
18,Vanilla,Social-optimal rate,0.4735153424964854
19,Vanilla,Social-optimal rate,0.484614392895088
20,Vanilla,Social-optimal rate,0.44414615881783137
21,Vanilla,Social-optimal rate,0.4364712566651895
22,Vanilla,Social-optimal rate,0.43809635114742684
23,Vanilla,Social-optimal rate,0.44776813699502455
24,Vanilla,Social-optimal rate,0.40063499802515085
25,Vanilla,Social-optimal rate,0.4011633459219198
26,Vanilla,Social-optimal rate,0.4046724418679906
27,Vanilla,Social-optimal rate,0.4174385302154743
28,Vanilla,Social-optimal rate,0.40504019216738374
29,Vanilla,Social-optimal rate,0.4117931857624826
30,Vanilla,Social-optimal rate,0.4286311266125815
31,Vanilla,Social-optimal rate,0.4598811266125815
32,Vanilla,Social-optimal rate,0.447651573137056
33,Vanilla,Social-optimal rate,0.4317785572640401
34,Vanilla,Social-optimal rate,0.43968407900422485
35,Vanilla,Social-optimal rate,0.4386761937845652
36,Vanilla,Social-optimal rate,0.40946977437469595
37,Vanilla,Social-optimal rate,0.39223940804976226
38,Vanilla,Social-optimal rate,0.3807043003761196
39,Vanilla,Social-optimal rate,0.37641383038873244
40,Vanilla,Social-optimal rate,0.38494026026347694
41,Vanilla,Social-optimal rate,0.3962862401404183
42,Vanilla,Social-optimal rate,0.3938082468183068
43,Vanilla,Social-optimal rate,0.4205286123838879
44,Vanilla,Social-optimal rate,0.44029866124850414
45,Vanilla,Social-optimal rate,0.43857933924329856
46,Vanilla,Social-optimal rate,0.47188325792813696
47,Vanilla,Social-optimal rate,0.4827511844643234
48,Vanilla,Social-optimal rate,0.49386052624050675
49,Vanilla,Social-optimal rate,0.497686183373066
50,Vanilla,Social-optimal rate,0.4839900219025308
51,Vanilla,Social-optimal rate,0.49197836009495066
52,Vanilla,Social-optimal rate,0.5213217253480286
53,Vanilla,Social-optimal rate,0.5061843514928107
54,Vanilla,Social-optimal rate,0.504889542593192
55,Vanilla,Social-optimal rate,0.4921501412399292
56,Vanilla,Social-optimal rate,0.5095574203737815
57,Vanilla,Social-optimal rate,0.508513350798297
58,Vanilla,Social-optimal rate,0.4854229717895506
59,Vanilla,Social-optimal rate,0.4680160090044366
60,Vanilla,Social-optimal rate,0.4926949165947366
61,Vanilla,Social-optimal rate,0.48464360863986056
62,Vanilla,Social-optimal rate,0.507652039811557
63,Vanilla,Social-optimal rate,0.5026972276980325
64,Vanilla,Social-optimal rate,0.5139924227277667
65,Vanilla,Social-optimal rate,0.5474853172677816
66,Vanilla,Social-optimal rate,0.5427634285122794
67,Vanilla,Social-optimal rate,0.5358254512353191
68,Vanilla,Social-optimal rate,0.550250323108516
69,Vanilla,Social-optimal rate,0.5385531338305857
70,Vanilla,Social-optimal rate,0.542871527854862
71,Vanilla,Social-optimal rate,0.5282770575839513
72,Vanilla,Social-optimal rate,0.5070630746085621
73,Vanilla,Social-optimal rate,0.5213768000987582
74,Vanilla,Social-optimal rate,0.5010254000863413
75,Vanilla,Social-optimal rate,0.49791981002422947
76,Vanilla,Social-optimal rate,0.48842970665110924
77,Vanilla,Social-optimal rate,0.4907878052133962
78,Vanilla,Social-optimal rate,0.5043499340393442
79,Vanilla,Social-optimal rate,0.5166934064601596
80,Vanilla,Social-optimal rate,0.5087134246585218
81,Vanilla,Social-optimal rate,0.5315518265666912
82,Vanilla,Social-optimal rate,0.5353512186639556
83,Vanilla,Social-optimal rate,0.5632426073805894
84,Vanilla,Social-optimal rate,0.5679706766187559
85,Vanilla,Social-optimal rate,0.574566810370062
86,Vanilla,Social-optimal rate,0.5586105668739656
87,Vanilla,Social-optimal rate,0.5540508661359209
88,Vanilla,Social-optimal rate,0.5470920801073674
89,Vanilla,Social-optimal rate,0.5550666283554719
90,Vanilla,Social-optimal rate,0.5378615064827404
91,Vanilla,Social-optimal rate,0.5316826530318124
92,Vanilla,Social-optimal rate,0.5302222245890226
93,Vanilla,Social-optimal rate,0.5360902455903609
94,Vanilla,Social-optimal rate,0.5438234538161799
95,Vanilla,Social-optimal rate,0.5253344198632285
1,Vanilla,Social-welfare efficiency,0.9212070845274146
2,Vanilla,Social-welfare efficiency,0.9321981259664793
3,Vanilla,Social-welfare efficiency,0.918476445795079
4,Vanilla,Social-welfare efficiency,0.8942047043254928
5,Vanilla,Social-welfare efficiency,0.8801104810936359
6,Vanilla,Social-welfare efficiency,0.8775298964250785
7,Vanilla,Social-welfare efficiency,0.8768892595054251
8,Vanilla,Social-welfare efficiency,0.8673305340115852
9,Vanilla,Social-welfare efficiency,0.853966955509042
10,Vanilla,Social-welfare efficiency,0.8418834431975611
11,Vanilla,Social-welfare efficiency,0.8341246186058775
12,Vanilla,Social-welfare efficiency,0.8358596176385239
13,Vanilla,Social-welfare efficiency,0.8392158400743964
14,Vanilla,Social-welfare efficiency,0.8338876036765488
15,Vanilla,Social-welfare efficiency,0.827644327332564
16,Vanilla,Social-welfare efficiency,0.8260068354206508
17,Vanilla,Social-welfare efficiency,0.8440681698181791
18,Vanilla,Social-welfare efficiency,0.8558307441580452
19,Vanilla,Social-welfare efficiency,0.8485395406523849
20,Vanilla,Social-welfare efficiency,0.8201458746959321
21,Vanilla,Social-welfare efficiency,0.8042688305830553
22,Vanilla,Social-welfare efficiency,0.8082371933430447
23,Vanilla,Social-welfare efficiency,0.8030888461056342
24,Vanilla,Social-welfare efficiency,0.782411923516735
25,Vanilla,Social-welfare efficiency,0.7856397004979152
26,Vanilla,Social-welfare efficiency,0.7840563704212737
27,Vanilla,Social-welfare efficiency,0.7940708232870008
28,Vanilla,Social-welfare efficiency,0.8118547837567477
29,Vanilla,Social-welfare efficiency,0.8043501377524771
30,Vanilla,Social-welfare efficiency,0.8136984217549942
31,Vanilla,Social-welfare efficiency,0.8316757690260724
32,Vanilla,Social-welfare efficiency,0.8053700406216677
33,Vanilla,Social-welfare efficiency,0.8013953283175185
34,Vanilla,Social-welfare efficiency,0.8124886116164124
35,Vanilla,Social-welfare efficiency,0.8062663725017468
36,Vanilla,Social-welfare efficiency,0.8214713324439487
37,Vanilla,Social-welfare efficiency,0.8150457897722634
38,Vanilla,Social-welfare efficiency,0.8105858257695985
39,Vanilla,Social-welfare efficiency,0.8371862541428764
40,Vanilla,Social-welfare efficiency,0.8574985946411224
41,Vanilla,Social-welfare efficiency,0.8676825374302057
42,Vanilla,Social-welfare efficiency,0.875010141584948
43,Vanilla,Social-welfare efficiency,0.8824713109198712
44,Vanilla,Social-welfare efficiency,0.8954446286745562
45,Vanilla,Social-welfare efficiency,0.8962032111148537
46,Vanilla,Social-welfare efficiency,0.9048659246939043
47,Vanilla,Social-welfare efficiency,0.9049512825389524
48,Vanilla,Social-welfare efficiency,0.9040363156399996
49,Vanilla,Social-welfare efficiency,0.9101674759301716
50,Vanilla,Social-welfare efficiency,0.9047392698530602
51,Vanilla,Social-welfare efficiency,0.9055200240959983
52,Vanilla,Social-welfare efficiency,0.9141929094926101
53,Vanilla,Social-welfare efficiency,0.9109968255691848
54,Vanilla,Social-welfare efficiency,0.9101735861053378
55,Vanilla,Social-welfare efficiency,0.9033478469133719
56,Vanilla,Social-welfare efficiency,0.9049692923544811
57,Vanilla,Social-welfare efficiency,0.894857868104746
58,Vanilla,Social-welfare efficiency,0.8877896626648287
59,Vanilla,Social-welfare efficiency,0.885652000733484
60,Vanilla,Social-welfare efficiency,0.8822128386278353
61,Vanilla,Social-welfare efficiency,0.8781088551454612
62,Vanilla,Social-welfare efficiency,0.8852626671763668
63,Vanilla,Social-welfare efficiency,0.8843007344879602
64,Vanilla,Social-welfare efficiency,0.90125487310302
65,Vanilla,Social-welfare efficiency,0.912247871712055
66,Vanilla,Social-welfare efficiency,0.9098434262893403
67,Vanilla,Social-welfare efficiency,0.9178431728978891
68,Vanilla,Social-welfare efficiency,0.9255211611412065
69,Vanilla,Social-welfare efficiency,0.9269806564704643
70,Vanilla,Social-welfare efficiency,0.9292176413960485
71,Vanilla,Social-welfare efficiency,0.9251566304510419
72,Vanilla,Social-welfare efficiency,0.9218658405193464
73,Vanilla,Social-welfare efficiency,0.9245895665157388
74,Vanilla,Social-welfare efficiency,0.9195830198215782
75,Vanilla,Social-welfare efficiency,0.9228109933502229
76,Vanilla,Social-welfare efficiency,0.9216594174154807
77,Vanilla,Social-welfare efficiency,0.9194055683955281
78,Vanilla,Social-welfare efficiency,0.9203370415772895
79,Vanilla,Social-welfare efficiency,0.9229198240628259
80,Vanilla,Social-welfare efficiency,0.9177116017281693
81,Vanilla,Social-welfare efficiency,0.9185741571329649
82,Vanilla,Social-welfare efficiency,0.9100426405173198
83,Vanilla,Social-welfare efficiency,0.9121682047838754
84,Vanilla,Social-welfare efficiency,0.9162226965512535
85,Vanilla,Social-welfare efficiency,0.9164968649003277
86,Vanilla,Social-welfare efficiency,0.9052092854332907
87,Vanilla,Social-welfare efficiency,0.9068426271211195
88,Vanilla,Social-welfare efficiency,0.908403876112869
89,Vanilla,Social-welfare efficiency,0.9180474921500343
90,Vanilla,Social-welfare efficiency,0.918663155982374
91,Vanilla,Social-welfare efficiency,0.9141248544679739
92,Vanilla,Social-welfare efficiency,0.9155515815459772
93,Vanilla,Social-welfare efficiency,0.9265323012911088
94,Vanilla,Social-welfare efficiency,0.9307300643034377
95,Vanilla,Social-welfare efficiency,0.9288573638294004
